"code","chart_template_id:id","id","user_type_id:id","name","note","reconcile"
"0","l10n_bs_fbih_chart_template","kto_bs_fbih_0","account.data_account_type_current_assets","STALNA SREDSTVA I DUGOROČNI PLASMANI",,
"01","l10n_bs_fbih_chart_template","kto_bs_fbih_01","account.data_account_type_current_assets","Nematerijalna sredstva",,
"010","l10n_bs_fbih_chart_template","kto_bs_fbih_010","account.data_account_type_current_assets","Kapitalizirana ulaganja u razvoj",,
"011","l10n_bs_fbih_chart_template","kto_bs_fbih_011","account.data_account_type_current_assets","Koncesije, patenti, licence, zaštitni znakovi i druga prava",,
"012","l10n_bs_fbih_chart_template","kto_bs_fbih_012","account.data_account_type_current_assets","Goodwill",,
"013","l10n_bs_fbih_chart_template","kto_bs_fbih_013","account.data_account_type_current_assets","Ulaganja na tuđim stalnim sredstvima",,
"014","l10n_bs_fbih_chart_template","kto_bs_fbih_014","account.data_account_type_current_assets","Ostala nematerijalna sredstva",,
"015","l10n_bs_fbih_chart_template","kto_bs_fbih_015","account.data_account_type_current_assets","Nematerijalna sredstva u pripremi",,
"017","l10n_bs_fbih_chart_template","kto_bs_fbih_017","account.data_account_type_current_assets","Avansi za nematerijalna sredstva",,
"02","l10n_bs_fbih_chart_template","kto_bs_fbih_02","account.data_account_type_current_assets","Nekretnine, postrojenja i oprema",,
"020","l10n_bs_fbih_chart_template","kto_bs_fbih_020","account.data_account_type_current_assets","Zemljište",,
"021","l10n_bs_fbih_chart_template","kto_bs_fbih_021","account.data_account_type_current_assets","Građevinski objekti",,
"022","l10n_bs_fbih_chart_template","kto_bs_fbih_022","account.data_account_type_current_assets","Postrojenja i oprema (mašine)",,
"023","l10n_bs_fbih_chart_template","kto_bs_fbih_023","account.data_account_type_current_assets","Alati, pogonski i kancelarijski namještaj",,
"024","l10n_bs_fbih_chart_template","kto_bs_fbih_024","account.data_account_type_current_assets","Transportna sredstva",,
"025","l10n_bs_fbih_chart_template","kto_bs_fbih_025","account.data_account_type_current_assets","Nekretnine, postrojenja i oprema u pripremi",,
"026","l10n_bs_fbih_chart_template","kto_bs_fbih_026","account.data_account_type_current_assets","Stambene zgrade i stanovi",,
"027","l10n_bs_fbih_chart_template","kto_bs_fbih_027","account.data_account_type_current_assets","Avansi za nekretnine, postrojenja i opremu",,
"03","l10n_bs_fbih_chart_template","kto_bs_fbih_03","account.data_account_type_current_assets","Investicijske nekretnine",,
"030","l10n_bs_fbih_chart_template","kto_bs_fbih_030","account.data_account_type_current_assets","Ulaganja u vlastito zemljište",,
"031","l10n_bs_fbih_chart_template","kto_bs_fbih_031","account.data_account_type_current_assets","Ulaganja u unajmljeno zemljište",,
"032","l10n_bs_fbih_chart_template","kto_bs_fbih_032","account.data_account_type_current_assets","Ulaganja u vlastite građevine",,
"033","l10n_bs_fbih_chart_template","kto_bs_fbih_033","account.data_account_type_current_assets","Ulaganja u unajmljene građevine",,
"035","l10n_bs_fbih_chart_template","kto_bs_fbih_035","account.data_account_type_current_assets","Ulaganja u nekretnine u pripremi",,
"037","l10n_bs_fbih_chart_template","kto_bs_fbih_037","account.data_account_type_current_assets","Avansi za investicijske nekretnine",,
"04","l10n_bs_fbih_chart_template","kto_bs_fbih_04","account.data_account_type_current_assets","Biološka sredstva",,
"040","l10n_bs_fbih_chart_template","kto_bs_fbih_040","account.data_account_type_current_assets","Šume",,
"041","l10n_bs_fbih_chart_template","kto_bs_fbih_041","account.data_account_type_current_assets","Višegodišnji zasadi",,
"042","l10n_bs_fbih_chart_template","kto_bs_fbih_042","account.data_account_type_current_assets","Osnovno stado",,
"045","l10n_bs_fbih_chart_template","kto_bs_fbih_045","account.data_account_type_current_assets","Biološka sredstva u pripremi",,
"047","l10n_bs_fbih_chart_template","kto_bs_fbih_047","account.data_account_type_current_assets","Avansi za biološka sredstva",,
"05","l10n_bs_fbih_chart_template","kto_bs_fbih_05","account.data_account_type_current_assets","Ostala (specifična) stalna materijalna sredstva",,
"050","l10n_bs_fbih_chart_template","kto_bs_fbih_050","account.data_account_type_current_assets","Ostala stalna materijalna sredstva u upotrebi",,
"055","l10n_bs_fbih_chart_template","kto_bs_fbih_055","account.data_account_type_current_assets","Ostala stalna materijalna sredstva u pripremi",,
"057","l10n_bs_fbih_chart_template","kto_bs_fbih_057","l10n_bs.account_type_other","Avansi za ostala stalna materijalna sredstva",,
"06","l10n_bs_fbih_chart_template","kto_bs_fbih_06","l10n_bs.account_type_other","Dugoročni finansijski plasmani",,
"060","l10n_bs_fbih_chart_template","kto_bs_fbih_060","l10n_bs.account_type_other","Učešća u kapitalu povezanih pravnih lica",,
"061","l10n_bs_fbih_chart_template","kto_bs_fbih_061","l10n_bs.account_type_other","Učešća u kapitalu drugih pravnih lica",,
"062","l10n_bs_fbih_chart_template","kto_bs_fbih_062","l10n_bs.account_type_other","Dugoročni krediti dati povezanim pravnim licima",,
"063","l10n_bs_fbih_chart_template","kto_bs_fbih_063","l10n_bs.account_type_other","Dugoročni krediti dati u zemlji",,
"064","l10n_bs_fbih_chart_template","kto_bs_fbih_064","l10n_bs.account_type_other","Dugoročni krediti dati u inostranstvo",,
"065","l10n_bs_fbih_chart_template","kto_bs_fbih_065","l10n_bs.account_type_other","Finansijska sredstva raspoloživa za prodaju",,
"066","l10n_bs_fbih_chart_template","kto_bs_fbih_066","l10n_bs.account_type_other","Finansijska sredstva koja se drže do roka dospijeća",,
"068","l10n_bs_fbih_chart_template","kto_bs_fbih_068","l10n_bs.account_type_other","Ostali dugoročni finansijski plasmani",,
"069","l10n_bs_fbih_chart_template","kto_bs_fbih_069","l10n_bs.account_type_other","Ispravka vrijednosti dugoročnih finansijskih plasmana",,
"07","l10n_bs_fbih_chart_template","kto_bs_fbih_07","l10n_bs.account_type_other","Druga dugoročna potraživanja",,
"070","l10n_bs_fbih_chart_template","kto_bs_fbih_070","l10n_bs.account_type_other","Potraživanja od povezanih pravnih lica",,
"071","l10n_bs_fbih_chart_template","kto_bs_fbih_071","l10n_bs.account_type_other","Potraživanja po osnovu prodaje na kredit",,
"072","l10n_bs_fbih_chart_template","kto_bs_fbih_072","l10n_bs.account_type_other","Potraživanja po ugovorima o finansijskom najmu (lizingu)",,
"078","l10n_bs_fbih_chart_template","kto_bs_fbih_078","l10n_bs.account_type_other","Ostala dugoročna potraživanja",,
"079","l10n_bs_fbih_chart_template","kto_bs_fbih_079","l10n_bs.account_type_other","Ispravka vrijednosti dugoročnih potraživanja",,
"09","l10n_bs_fbih_chart_template","kto_bs_fbih_09","l10n_bs.account_type_other","Odložena porezna sredstva i dugoročna razgraničenja",,
"090","l10n_bs_fbih_chart_template","kto_bs_fbih_090","l10n_bs.account_type_other","Odložena porezna sredstva",,
"091","l10n_bs_fbih_chart_template","kto_bs_fbih_091","l10n_bs.account_type_other","Unaprijed plaćeni troškovi (za period duži od 12 mjeseci)",,
"098","l10n_bs_fbih_chart_template","kto_bs_fbih_098","l10n_bs.account_type_other","Ostala dugoročna razgraničenja",,
"1","l10n_bs_fbih_chart_template","kto_bs_fbih_1","l10n_bs.account_type_other","ZALIHE I SREDSTVA NAMIJENJENA PRODAJI",,
"10","l10n_bs_fbih_chart_template","kto_bs_fbih_10","l10n_bs.account_type_other","Sirovine, materijal, rezervni dijelovi i sitan inventar",,
"100","l10n_bs_fbih_chart_template","kto_bs_fbih_100","l10n_bs.account_type_other","Obračun troška nabavke",,
"101","l10n_bs_fbih_chart_template","kto_bs_fbih_101","l10n_bs.account_type_other","Sirovine i materijal",,
"102","l10n_bs_fbih_chart_template","kto_bs_fbih_102","l10n_bs.account_type_other","Rezervni dijelovi",,
"103","l10n_bs_fbih_chart_template","kto_bs_fbih_103","l10n_bs.account_type_other","Autogume i ambalaža",,
"104","l10n_bs_fbih_chart_template","kto_bs_fbih_104","l10n_bs.account_type_other","Alat i sitan inventar",,
"108","l10n_bs_fbih_chart_template","kto_bs_fbih_108","l10n_bs.account_type_other","Odstupanje od cijena",,
"109","l10n_bs_fbih_chart_template","kto_bs_fbih_109","l10n_bs.account_type_other","Ispravka vrijednosti sirovina, materijala, dijelova i inventara",,
"11","l10n_bs_fbih_chart_template","kto_bs_fbih_11","l10n_bs.account_type_other","Proizvodnja u toku, poluproizvodi i nedovršene usluge",,
"110","l10n_bs_fbih_chart_template","kto_bs_fbih_110","l10n_bs.account_type_other","Proizvodnja u toku, nedovršeni proizvodi",,
"111","l10n_bs_fbih_chart_template","kto_bs_fbih_111","l10n_bs.account_type_other","Poluproizvodi i dijelovi vlastite proizvodnje",,
"112","l10n_bs_fbih_chart_template","kto_bs_fbih_112","l10n_bs.account_type_other","Proizvodnja kod kooperanata",,
"113","l10n_bs_fbih_chart_template","kto_bs_fbih_113","l10n_bs.account_type_other","Obustavljena proizvodnja",,
"114","l10n_bs_fbih_chart_template","kto_bs_fbih_114","l10n_bs.account_type_other","Poluproizvodi u doradi i obradi",,
"115","l10n_bs_fbih_chart_template","kto_bs_fbih_115","l10n_bs.account_type_other","Nedovršene usluge",,
"118","l10n_bs_fbih_chart_template","kto_bs_fbih_118","l10n_bs.account_type_other","Odstupanje od cijena",,
"119","l10n_bs_fbih_chart_template","kto_bs_fbih_119","l10n_bs.account_type_other","Ispravka vrijednosti nedovršene proizvodnje",,
"12","l10n_bs_fbih_chart_template","kto_bs_fbih_12","l10n_bs.account_type_other","Gotovi proizvodi",,
"120","l10n_bs_fbih_chart_template","kto_bs_fbih_120","l10n_bs.account_type_other","Proizvodi u skladištu",,
"121","l10n_bs_fbih_chart_template","kto_bs_fbih_121","l10n_bs.account_type_other","Proizvodi u maloprodajnim objektima",,
"122","l10n_bs_fbih_chart_template","kto_bs_fbih_122","l10n_bs.account_type_other","Ukalkulisana razlika u cijeni",,
"123","l10n_bs_fbih_chart_template","kto_bs_fbih_123","l10n_bs.account_type_other","Ukalkulisani PDV",,
"124","l10n_bs_fbih_chart_template","kto_bs_fbih_124","l10n_bs.account_type_other","Proizvodi u komisionu i konsignaciji",,
"125","l10n_bs_fbih_chart_template","kto_bs_fbih_125","l10n_bs.account_type_other","Proizvodi izvan upotrebe",,
"126","l10n_bs_fbih_chart_template","kto_bs_fbih_126","l10n_bs.account_type_other","Proizvodi u obradi i doradi",,
"128","l10n_bs_fbih_chart_template","kto_bs_fbih_128","l10n_bs.account_type_other","Odstupanje od cijena",,
"129","l10n_bs_fbih_chart_template","kto_bs_fbih_129","l10n_bs.account_type_other","Ispravka vrijednosti proizvoda",,
"13","l10n_bs_fbih_chart_template","kto_bs_fbih_13","l10n_bs.account_type_other","Roba",,
"130","l10n_bs_fbih_chart_template","kto_bs_fbih_130","l10n_bs.account_type_other","Obračun troška nabavke robe",,
"131","l10n_bs_fbih_chart_template","kto_bs_fbih_131","l10n_bs.account_type_other","Nekretnine nabavljene radi dalje prodaje",,
"132","l10n_bs_fbih_chart_template","kto_bs_fbih_132","l10n_bs.account_type_other","Roba u prodaji na veliko",,
"133","l10n_bs_fbih_chart_template","kto_bs_fbih_133","l10n_bs.account_type_other","Roba u maloprodajnim objektima",,
"134","l10n_bs_fbih_chart_template","kto_bs_fbih_134","l10n_bs.account_type_other","Roba u tranzitu, komisionu i konsignaciji",,
"135","l10n_bs_fbih_chart_template","kto_bs_fbih_135","l10n_bs.account_type_other","Roba na putu",,
"136","l10n_bs_fbih_chart_template","kto_bs_fbih_136","l10n_bs.account_type_other","Roba u obradi i doradi",,
"137","l10n_bs_fbih_chart_template","kto_bs_fbih_137","l10n_bs.account_type_other","Ukalkulisana razlika u cijeni",,
"138","l10n_bs_fbih_chart_template","kto_bs_fbih_138","l10n_bs.account_type_other","Ukalkulisani PDV",,
"139","l10n_bs_fbih_chart_template","kto_bs_fbih_139","l10n_bs.account_type_other","Ispravka vrijednosti robe",,
"14","l10n_bs_fbih_chart_template","kto_bs_fbih_14","l10n_bs.account_type_other","Stalna sredstva i sredstva obustavljenog poslovanja namijenjena prodaji",,
"140","l10n_bs_fbih_chart_template","kto_bs_fbih_140","l10n_bs.account_type_other","Nematerijalna sredstva namijenjena prodaji",,
"141","l10n_bs_fbih_chart_template","kto_bs_fbih_141","l10n_bs.account_type_other","Zemljište namijenjeno prodaji",,
"142","l10n_bs_fbih_chart_template","kto_bs_fbih_142","l10n_bs.account_type_other","Građevinski objekti namijenjeni prodaji",,
"143","l10n_bs_fbih_chart_template","kto_bs_fbih_143","l10n_bs.account_type_other","Postrojenja i oprema namijenjeni prodaji",,
"144","l10n_bs_fbih_chart_template","kto_bs_fbih_144","l10n_bs.account_type_other","Investicijske nekretnine namijenjene prodaji",,
"145","l10n_bs_fbih_chart_template","kto_bs_fbih_145","l10n_bs.account_type_other","Biološka sredstva namijenjena prodaji",,
"146","l10n_bs_fbih_chart_template","kto_bs_fbih_146","l10n_bs.account_type_other","Ostala stalna sredstva namijenjena prodaji",,
"147","l10n_bs_fbih_chart_template","kto_bs_fbih_147","l10n_bs.account_type_other","Sredstva obustavljenog poslovanja namijenjena prodaji",,
"149","l10n_bs_fbih_chart_template","kto_bs_fbih_149","l10n_bs.account_type_other","Ispravka vrijednosti sredstava namijenjenih prodaji i obustavljenog poslovanja",,
"15","l10n_bs_fbih_chart_template","kto_bs_fbih_15","l10n_bs.account_type_other","Dati avansi",,
"150","l10n_bs_fbih_chart_template","kto_bs_fbih_150","l10n_bs.account_type_other","Dati avansi za zalihe i usluge povezanim pravnim licima",,
"151","l10n_bs_fbih_chart_template","kto_bs_fbih_151","l10n_bs.account_type_other","Dati avansi za zalihe i usluge ostalim pravnim licima",,
"159","l10n_bs_fbih_chart_template","kto_bs_fbih_159","l10n_bs.account_type_other","Ispravka vrijednosti datih avansa",,
"Klasa 2","l10n_bs_fbih_chart_template","Klasa kto_bs_fbih_2","l10n_bs.account_type_other","GOTOVINA, KRATKOROČNA POTRAŽIVANJA I KRATKOROČNI PLASMANI",,
"20","l10n_bs_fbih_chart_template","kto_bs_fbih_20","l10n_bs.account_type_other","Gotovina i gotovinski ekvivalenti",,
"200","l10n_bs_fbih_chart_template","kto_bs_fbih_200","l10n_bs.account_type_other","Transakcijski računi, domaća valuta",,
"201","l10n_bs_fbih_chart_template","kto_bs_fbih_201","l10n_bs.account_type_other","Transakcijski računi, strana valuta",,
"202","l10n_bs_fbih_chart_template","kto_bs_fbih_202","l10n_bs.account_type_other","Izdvojena novčana sredstva",,
"203","l10n_bs_fbih_chart_template","kto_bs_fbih_203","l10n_bs.account_type_other","Akreditivi, domaća valuta",,
"204","l10n_bs_fbih_chart_template","kto_bs_fbih_204","l10n_bs.account_type_other","Akreditivi, strana valuta",,
"205","l10n_bs_fbih_chart_template","kto_bs_fbih_205","l10n_bs.account_type_other","Blagajne, domaća valuta",,
"206","l10n_bs_fbih_chart_template","kto_bs_fbih_206","l10n_bs.account_type_other","Blagajne, strana valuta",,
"207","l10n_bs_fbih_chart_template","kto_bs_fbih_207","l10n_bs.account_type_other","Gotovinski ekvivalenti",,
"208","l10n_bs_fbih_chart_template","kto_bs_fbih_208","l10n_bs.account_type_other","Ostala novčana sredstva",,
"209","l10n_bs_fbih_chart_template","kto_bs_fbih_209","l10n_bs.account_type_other","Oročena novčana sredstva",,
"21","l10n_bs_fbih_chart_template","kto_bs_fbih_21","l10n_bs.account_type_other","Potraživanja od prodaje",,
"210","l10n_bs_fbih_chart_template","kto_bs_fbih_210","account.data_account_type_receivable","Kupci - povezana pravna lica",,"True"
"211","l10n_bs_fbih_chart_template","kto_bs_fbih_211","account.data_account_type_receivable","Kupci u zemlji",,"True"
"2110","l10n_bs_fbih_chart_template","kto_bs_fbih_2110","account.data_account_type_receivable","Kupci u zemlji",,"True"
"212","l10n_bs_fbih_chart_template","kto_bs_fbih_212","account.data_account_type_receivable","Kupci u inostranstvu",,"True"
"2120","l10n_bs_fbih_chart_template","kto_bs_fbih_2120","account.data_account_type_receivable","Kupci u inostranstvu",,"True"
"219","l10n_bs_fbih_chart_template","kto_bs_fbih_219","l10n_bs.account_type_other","Ispravka vrijednosti potraživanja od kupaca",,
"22","l10n_bs_fbih_chart_template","kto_bs_fbih_22","l10n_bs.account_type_other","Potraživanja iz specifičnih poslova",,
"220","l10n_bs_fbih_chart_template","kto_bs_fbih_220","l10n_bs.account_type_other","Potraživanja od izvoznika",,
"221","l10n_bs_fbih_chart_template","kto_bs_fbih_221","l10n_bs.account_type_other","Potraživanja po osnovu uvoza za tuđi račun",,
"222","l10n_bs_fbih_chart_template","kto_bs_fbih_222","l10n_bs.account_type_other","Potraživanja po osnovu konsignacione i komisione prodaje",,
"223","l10n_bs_fbih_chart_template","kto_bs_fbih_223","l10n_bs.account_type_other","Potraživanja iz zajedničkih poslova",,
"228","l10n_bs_fbih_chart_template","kto_bs_fbih_228","l10n_bs.account_type_other","Ostala potraživanja iz specifičnih poslova",,
"229","l10n_bs_fbih_chart_template","kto_bs_fbih_229","l10n_bs.account_type_other","Ispravka vrijednosti potraživanja iz specifičnih poslova",,
"23","l10n_bs_fbih_chart_template","kto_bs_fbih_23","l10n_bs.account_type_other","Druga kratkoročna potraživanja",,
"230","l10n_bs_fbih_chart_template","kto_bs_fbih_230","l10n_bs.account_type_other","Potraživanja za kamatu i dividendu od povezanih pravnih lica",,
"231","l10n_bs_fbih_chart_template","kto_bs_fbih_231","l10n_bs.account_type_other","Potraživanja za kamatu i dividendu od drugih subjekata",,
"232","l10n_bs_fbih_chart_template","kto_bs_fbih_232","l10n_bs.account_type_other","Potraživanja od zaposlenika",,
"233","l10n_bs_fbih_chart_template","kto_bs_fbih_233","l10n_bs.account_type_other","Potraživanja od državnih organa i institucija",,
"234","l10n_bs_fbih_chart_template","kto_bs_fbih_234","l10n_bs.account_type_other","Potraživanja za više plaćeni porez na dobit",,
"235","l10n_bs_fbih_chart_template","kto_bs_fbih_235","l10n_bs.account_type_other","Potraživanja za više plaćene ostale poreze i doprinose",,
"238","l10n_bs_fbih_chart_template","kto_bs_fbih_238","l10n_bs.account_type_other","Ostala kratkoročna potraživanja",,
"239","l10n_bs_fbih_chart_template","kto_bs_fbih_239","l10n_bs.account_type_other","Ispravka vrijednosti drugih kratkoročnih potraživanja",,
"24","l10n_bs_fbih_chart_template","kto_bs_fbih_24","l10n_bs.account_type_other","Kratkoročni finansijski plasmani",,
"240","l10n_bs_fbih_chart_template","kto_bs_fbih_240","l10n_bs.account_type_other","Kratkoročni krediti povezanim pravnim licima",,
"241","l10n_bs_fbih_chart_template","kto_bs_fbih_241","l10n_bs.account_type_other","Kratkoročni krediti dati u zemlji",,
"242","l10n_bs_fbih_chart_template","kto_bs_fbih_242","l10n_bs.account_type_other","Kratkoročni krediti dati u inostranstvo",,
"243","l10n_bs_fbih_chart_template","kto_bs_fbih_243","l10n_bs.account_type_other","Kratkoročni dio dugoročnih kredita",,
"244","l10n_bs_fbih_chart_template","kto_bs_fbih_244","l10n_bs.account_type_other","Kratkoročni dio dugoročnih vrijednosnih papira",,
"245","l10n_bs_fbih_chart_template","kto_bs_fbih_245","l10n_bs.account_type_other","Finansijska sredstva namijenjena trgovanju",,
"246","l10n_bs_fbih_chart_template","kto_bs_fbih_246","l10n_bs.account_type_other","Druga finansijska sredstva označena po fer vrijednosti",,
"248","l10n_bs_fbih_chart_template","kto_bs_fbih_248","l10n_bs.account_type_other","Ostali kratkoročni finansijski plasmani",,
"249","l10n_bs_fbih_chart_template","kto_bs_fbih_249","l10n_bs.account_type_other","Ispravka vrijednosti kratkoročnih finansijskih plasmana",,
"27","l10n_bs_fbih_chart_template","kto_bs_fbih_27","l10n_bs.account_type_other","Potraživanja za PDV, odbitni ulazni porez",,
"270","l10n_bs_fbih_chart_template","kto_bs_fbih_270","l10n_bs.account_type_other","PDV u primljenim fakturama",,
"2700","l10n_bs_fbih_chart_template","kto_bs_fbih_2700","l10n_bs.account_type_other","PDV u primljenim fakturama",,
"271","l10n_bs_fbih_chart_template","kto_bs_fbih_271","l10n_bs.account_type_other","PDV plaćen pri uvozu dobara",,
"272","l10n_bs_fbih_chart_template","kto_bs_fbih_272","l10n_bs.account_type_other","PDV sadržan u datim avansima",,
"273","l10n_bs_fbih_chart_template","kto_bs_fbih_273","l10n_bs.account_type_other","PDV obračunat na usluge stranih lica",,
"274","l10n_bs_fbih_chart_template","kto_bs_fbih_274","l10n_bs.account_type_other","Paušalni iznosi PDV-a isplaćeni poljoprivrednicima",,
"275","l10n_bs_fbih_chart_template","kto_bs_fbih_275","l10n_bs.account_type_other","Ulazni porez uplaćen po posebnoj šemi",,
"276","l10n_bs_fbih_chart_template","kto_bs_fbih_276","l10n_bs.account_type_other","Ulazni porez na koji još nije stečeno pravo odbitka",,
"278","l10n_bs_fbih_chart_template","kto_bs_fbih_278","l10n_bs.account_type_other","Druga potraživanja iz osnova PDV-a",,
"279","l10n_bs_fbih_chart_template","kto_bs_fbih_279","l10n_bs.account_type_other","Potraživanja za razliku ulaznog poreza i obaveza za PDV",,
"28","l10n_bs_fbih_chart_template","kto_bs_fbih_28","l10n_bs.account_type_other","Aktivna vremenska razgraničenja",,
"280","l10n_bs_fbih_chart_template","kto_bs_fbih_280","l10n_bs.account_type_other","Unaprijed plaćeni rashodi",,
"281","l10n_bs_fbih_chart_template","kto_bs_fbih_281","l10n_bs.account_type_other","Potraživanja za nefakturisani prihod",,
"282","l10n_bs_fbih_chart_template","kto_bs_fbih_282","l10n_bs.account_type_other","Razgraničeni troškovi po osnovu obaveza",,
"283","l10n_bs_fbih_chart_template","kto_bs_fbih_283","l10n_bs.account_type_other","Nerealizovani gubici od držanja ulaganja u vrijednosne papire",,
"288","l10n_bs_fbih_chart_template","kto_bs_fbih_288","l10n_bs.account_type_other","Odložena porezna sredstva",,
"289","l10n_bs_fbih_chart_template","kto_bs_fbih_289","l10n_bs.account_type_other","Ostala kratkoročna razgraničenja",,
"29","l10n_bs_fbih_chart_template","kto_bs_fbih_29","l10n_bs.account_type_other","Gubitak iznad visine kapitala",,
"290","l10n_bs_fbih_chart_template","kto_bs_fbih_290","l10n_bs.account_type_other","Gubitak iznad visine kapitala",,
"3","l10n_bs_fbih_chart_template","kto_bs_fbih_3","l10n_bs.account_type_other","KAPITAL",,
"30","l10n_bs_fbih_chart_template","kto_bs_fbih_30","l10n_bs.account_type_other","Osnovni kapital",,
"300","l10n_bs_fbih_chart_template","kto_bs_fbih_300","l10n_bs.account_type_other","Dionički kapital",,
"302","l10n_bs_fbih_chart_template","kto_bs_fbih_302","l10n_bs.account_type_other","Udjeli članova društva sa ograničenom odgovornošću",,
"303","l10n_bs_fbih_chart_template","kto_bs_fbih_303","l10n_bs.account_type_other","Zadružni udjeli",,
"304","l10n_bs_fbih_chart_template","kto_bs_fbih_304","l10n_bs.account_type_other","Ulozi",,
"305","l10n_bs_fbih_chart_template","kto_bs_fbih_305","l10n_bs.account_type_other","Državni kapital",,
"309","l10n_bs_fbih_chart_template","kto_bs_fbih_309","l10n_bs.account_type_other","Ostali osnovni kapital",,
"31","l10n_bs_fbih_chart_template","kto_bs_fbih_31","l10n_bs.account_type_other","Upisani neuplaćeni kapital",,
"310","l10n_bs_fbih_chart_template","kto_bs_fbih_310","l10n_bs.account_type_other","Upisane neuplaćene dionice",,
"312","l10n_bs_fbih_chart_template","kto_bs_fbih_312","l10n_bs.account_type_other","Upisani neuplaćeni udjeli",,
"319","l10n_bs_fbih_chart_template","kto_bs_fbih_319","l10n_bs.account_type_other","Ostali upisani neuplaćeni kapital",,
"32","l10n_bs_fbih_chart_template","kto_bs_fbih_32","l10n_bs.account_type_other","Rezerve",,
"320","l10n_bs_fbih_chart_template","kto_bs_fbih_320","l10n_bs.account_type_other","Emisiona premija",,
"321","l10n_bs_fbih_chart_template","kto_bs_fbih_321","l10n_bs.account_type_other","Zakonske rezerve",,
"322","l10n_bs_fbih_chart_template","kto_bs_fbih_322","l10n_bs.account_type_other","Statutarne i druge rezerve",,
"33","l10n_bs_fbih_chart_template","kto_bs_fbih_33","l10n_bs.account_type_other","Revalorizacione rezerve i nerealizovani dobici i gubici",,
"330","l10n_bs_fbih_chart_template","kto_bs_fbih_330","l10n_bs.account_type_other","Revalorizacione rezerve iz osnova revalorizacije stalnih sredstava",,
"331","l10n_bs_fbih_chart_template","kto_bs_fbih_331","l10n_bs.account_type_other","Razlike nastale prevođenjem finansijskih izvještaja u valutu prezentacije",,
"332","l10n_bs_fbih_chart_template","kto_bs_fbih_332","l10n_bs.account_type_other","Nerealizovani dobici iz osnova finansijskih sredstava raspoloživih za prodaju",,
"333","l10n_bs_fbih_chart_template","kto_bs_fbih_333","l10n_bs.account_type_other","Nerealizovani gubici iz osnova finansijskih sredstava raspoloživih za prodaju",,
"339","l10n_bs_fbih_chart_template","kto_bs_fbih_339","l10n_bs.account_type_other","Ostale revalorizacione rezerve i nerealizovani dobici i gubici",,
"34","l10n_bs_fbih_chart_template","kto_bs_fbih_34","l10n_bs.account_type_other","Neraspoređena dobit",,
"340","l10n_bs_fbih_chart_template","kto_bs_fbih_340","l10n_bs.account_type_other","Neraspoređena dobit ranijih godina",,
"341","l10n_bs_fbih_chart_template","kto_bs_fbih_341","l10n_bs.account_type_other","Neraspoređena dobit izvještajne godine",,
"342","l10n_bs_fbih_chart_template","kto_bs_fbih_342","l10n_bs.account_type_other","Neraspoređeni višak prihoda ranijih godina",,
"343","l10n_bs_fbih_chart_template","kto_bs_fbih_343","l10n_bs.account_type_other","Neraspoređeni višak prihoda izvještajne godine",,
"35","l10n_bs_fbih_chart_template","kto_bs_fbih_35","l10n_bs.account_type_other","Gubitak do visine kapitala",,
"350","l10n_bs_fbih_chart_template","kto_bs_fbih_350","l10n_bs.account_type_other","Gubitak ranijih godina",,
"351","l10n_bs_fbih_chart_template","kto_bs_fbih_351","l10n_bs.account_type_other","Gubitak izvještajne godine",,
"352","l10n_bs_fbih_chart_template","kto_bs_fbih_352","l10n_bs.account_type_other","Nepokriveni višak rashoda ranijih godina",,
"353","l10n_bs_fbih_chart_template","kto_bs_fbih_353","l10n_bs.account_type_other","Nepokriveni višak rashoda izvještajne godine",,
"36","l10n_bs_fbih_chart_template","kto_bs_fbih_36","l10n_bs.account_type_other","Otkupljene vlastite dionice i udjeli",,
"360","l10n_bs_fbih_chart_template","kto_bs_fbih_360","l10n_bs.account_type_other","Otkupljene vlastite dionice i udjeli",,
"4","l10n_bs_fbih_chart_template","kto_bs_fbih_4","l10n_bs.account_type_other","OBAVEZE, REZERVISANJA I RAZGRANIČENJA",,
"40","l10n_bs_fbih_chart_template","kto_bs_fbih_40","l10n_bs.account_type_other","Dugoročna rezervisanja i odložene porezne obaveze",,
"400","l10n_bs_fbih_chart_template","kto_bs_fbih_400","l10n_bs.account_type_other","Rezervisanja za troškove u garantnom roku",,
"401","l10n_bs_fbih_chart_template","kto_bs_fbih_401","l10n_bs.account_type_other","Rezervisanja za troškove obnavljanja prirodnih bogatstava",,
"402","l10n_bs_fbih_chart_template","kto_bs_fbih_402","l10n_bs.account_type_other","Rezervisanja za zadržane kaucije i depozite",,
"403","l10n_bs_fbih_chart_template","kto_bs_fbih_403","l10n_bs.account_type_other","Rezervisanja za troškove restrukturiranja",,
"404","l10n_bs_fbih_chart_template","kto_bs_fbih_404","l10n_bs.account_type_other","Rezervisanja za naknade i beneficije zaposlenika",,
"405","l10n_bs_fbih_chart_template","kto_bs_fbih_405","l10n_bs.account_type_other","Rezervisanja po započetim sudskim sporovima",,
"406","l10n_bs_fbih_chart_template","kto_bs_fbih_406","l10n_bs.account_type_other","Rezervisanja po štetnim ugovorima",,
"407","l10n_bs_fbih_chart_template","kto_bs_fbih_407","l10n_bs.account_type_other","Unaprijed naplaćeni i drugi odloženi prihodi",,
"408","l10n_bs_fbih_chart_template","kto_bs_fbih_408","l10n_bs.account_type_other","Odložene porezne obaveze",,
"409","l10n_bs_fbih_chart_template","kto_bs_fbih_409","l10n_bs.account_type_other","Ostala dugoročna rezervisanja i razgraničenja",,
"41","l10n_bs_fbih_chart_template","kto_bs_fbih_41","l10n_bs.account_type_other","Dugoročne obaveze",,
"410","l10n_bs_fbih_chart_template","kto_bs_fbih_410","l10n_bs.account_type_other","Obaveze koje se mogu konvertovati u kapital",,
"411","l10n_bs_fbih_chart_template","kto_bs_fbih_411","l10n_bs.account_type_other","Dugoročne obaveze prema povezanim pravnim licima",,
"412","l10n_bs_fbih_chart_template","kto_bs_fbih_412","l10n_bs.account_type_other","Obaveze po emitovanim dugoročnim vrijednosnim papirima",,
"413","l10n_bs_fbih_chart_template","kto_bs_fbih_413","l10n_bs.account_type_other","Dugoročni krediti uzeti u zemlji",,
"414","l10n_bs_fbih_chart_template","kto_bs_fbih_414","l10n_bs.account_type_other","Dugoročni krediti uzeti u inostranstvu",,
"415","l10n_bs_fbih_chart_template","kto_bs_fbih_415","l10n_bs.account_type_other","Dugoročne obaveze po finansijskom lizingu u zemlji",,
"416","l10n_bs_fbih_chart_template","kto_bs_fbih_416","l10n_bs.account_type_other","Dugoročne obaveze po finansijskom lizingu u inostranstvu",,
"417","l10n_bs_fbih_chart_template","kto_bs_fbih_417","l10n_bs.account_type_other","Dugoročne obaveze po fer vrijednosti kroz račun dobiti i gubitka",,
"419","l10n_bs_fbih_chart_template","kto_bs_fbih_419","l10n_bs.account_type_other","Ostale dugoročne obaveze",,
"42","l10n_bs_fbih_chart_template","kto_bs_fbih_42","l10n_bs.account_type_other","Kratkoročne finansijske obaveze",,
"420","l10n_bs_fbih_chart_template","kto_bs_fbih_420","l10n_bs.account_type_other","Obaveze prema povezanim pravnim licima",,
"421","l10n_bs_fbih_chart_template","kto_bs_fbih_421","l10n_bs.account_type_other","Obaveze po emitovanim kratkoročnim vrijednosnim papirima",,
"422","l10n_bs_fbih_chart_template","kto_bs_fbih_422","l10n_bs.account_type_other","Kratkoročni krediti uzeti u zemlji",,
"423","l10n_bs_fbih_chart_template","kto_bs_fbih_423","l10n_bs.account_type_other","Kratkoročni krediti uzeti u inostranstvu",,
"424","l10n_bs_fbih_chart_template","kto_bs_fbih_424","l10n_bs.account_type_other","Kratkoročni dio dugoročnih kredita",,
"425","l10n_bs_fbih_chart_template","kto_bs_fbih_425","l10n_bs.account_type_other","Kratkoročni dio dugoročnih obaveza po finansijskom lizingu",,
"427","l10n_bs_fbih_chart_template","kto_bs_fbih_427","l10n_bs.account_type_other","Kratkoročne obaveze po fer vrijednosti kroz račun dobiti i gubitka",,
"429","l10n_bs_fbih_chart_template","kto_bs_fbih_429","l10n_bs.account_type_other","Ostale kratkoročne finansijske obaveze",,
"43","l10n_bs_fbih_chart_template","kto_bs_fbih_43","l10n_bs.account_type_other","Obaveze iz poslovanja",,
"430","l10n_bs_fbih_chart_template","kto_bs_fbih_430","l10n_bs.account_type_other","Primljeni avansi, depoziti i kaucije",,
"431","l10n_bs_fbih_chart_template","kto_bs_fbih_431","account.data_account_type_payable","Dobavljači - povezana pravna lica",,"True"
"432","l10n_bs_fbih_chart_template","kto_bs_fbih_432","account.data_account_type_payable","Dobavljači u zemlji",,"True"
"433","l10n_bs_fbih_chart_template","kto_bs_fbih_433","account.data_account_type_payable","Dobavljači u inostranstvu",,"True"
"439","l10n_bs_fbih_chart_template","kto_bs_fbih_439","l10n_bs.account_type_other","Ostale obaveze iz poslovanja",,
"44","l10n_bs_fbih_chart_template","kto_bs_fbih_44","l10n_bs.account_type_other","Obaveze iz specifičnih poslova",,
"440","l10n_bs_fbih_chart_template","kto_bs_fbih_440","l10n_bs.account_type_other","Obaveze prema uvozniku",,
"441","l10n_bs_fbih_chart_template","kto_bs_fbih_441","l10n_bs.account_type_other","Obaveze po osnovu izvoza za tuđi račun",,
"442","l10n_bs_fbih_chart_template","kto_bs_fbih_442","l10n_bs.account_type_other","Obaveze po osnovu komisione i konsignacione prodaje",,
"443","l10n_bs_fbih_chart_template","kto_bs_fbih_443","l10n_bs.account_type_other","Obaveze iz zajedničkih poslova",,
"449","l10n_bs_fbih_chart_template","kto_bs_fbih_449","l10n_bs.account_type_other","Ostale obaveze iz specifičnih poslova",,
"45","l10n_bs_fbih_chart_template","kto_bs_fbih_45","l10n_bs.account_type_other","Obaveze po osnovu plaća, naknada i ostalih primanja zaposlenih",,
"450","l10n_bs_fbih_chart_template","kto_bs_fbih_450","l10n_bs.account_type_other","Obaveze za neto plaće i naknade plaća",,
"451","l10n_bs_fbih_chart_template","kto_bs_fbih_451","l10n_bs.account_type_other","Obaveze za porez i posebne dažbine na plaće i naknade plaća",,
"452","l10n_bs_fbih_chart_template","kto_bs_fbih_452","l10n_bs.account_type_other","Obaveze za doprinose u vezi plaća i naknada plaća",,
"453","l10n_bs_fbih_chart_template","kto_bs_fbih_453","l10n_bs.account_type_other","Obaveze za neto naknade plaća koje se refundiraju",,
"454","l10n_bs_fbih_chart_template","kto_bs_fbih_454","l10n_bs.account_type_other","Obaveze za porez i posebne dažbine na naknade plaća koje se refundiraju",,
"455","l10n_bs_fbih_chart_template","kto_bs_fbih_455","l10n_bs.account_type_other","Obaveze za doprinose u vezi naknada plaća koje se refundiraju",,
"456","l10n_bs_fbih_chart_template","kto_bs_fbih_456","l10n_bs.account_type_other","Obaveze za ostala neto primanja, naknade troškova i materijalna prava zaposlenih",,
"457","l10n_bs_fbih_chart_template","kto_bs_fbih_457","l10n_bs.account_type_other","Obaveze za porez i posebne dažbine na ostala primanja zaposlenih",,
"458","l10n_bs_fbih_chart_template","kto_bs_fbih_458","l10n_bs.account_type_other","Obaveze za doprinose u vezi ostalih primanja zaposlenih",,
"46","l10n_bs_fbih_chart_template","kto_bs_fbih_46","l10n_bs.account_type_other","Druge obaveze",,
"460","l10n_bs_fbih_chart_template","kto_bs_fbih_460","l10n_bs.account_type_other","Obaveze po osnovu kamata i troškova finansiranja",,
"461","l10n_bs_fbih_chart_template","kto_bs_fbih_461","l10n_bs.account_type_other","Obaveze za dividende",,
"462","l10n_bs_fbih_chart_template","kto_bs_fbih_462","l10n_bs.account_type_other","Obaveze za učešće u dobiti",,
"463","l10n_bs_fbih_chart_template","kto_bs_fbih_463","l10n_bs.account_type_other","Obaveze za naknade članovima odbora, komisija i sl.",,
"464","l10n_bs_fbih_chart_template","kto_bs_fbih_464","l10n_bs.account_type_other","Obaveze za porez i posebne dažbine na naknade članovima odbora, komisija i sl.",,
"465","l10n_bs_fbih_chart_template","kto_bs_fbih_465","l10n_bs.account_type_other","Obaveze za doprinose u vezi naknada članovima odbora, komisija i sl.",,
"466","l10n_bs_fbih_chart_template","kto_bs_fbih_466","l10n_bs.account_type_other","Obaveze prema fizičkim licima za naknade po ugovorima",,
"467","l10n_bs_fbih_chart_template","kto_bs_fbih_467","l10n_bs.account_type_other","Obaveze za porez i posebne dažbine na naknade fizičkim licima",,
"468","l10n_bs_fbih_chart_template","kto_bs_fbih_468","l10n_bs.account_type_other","Obaveze za doprinose u vezi naknada fizičkim licima",,
"469","l10n_bs_fbih_chart_template","kto_bs_fbih_469","l10n_bs.account_type_other","Ostale obaveze",,
"47","l10n_bs_fbih_chart_template","kto_bs_fbih_47","l10n_bs.account_type_other","Obaveze za PDV",,
"470","l10n_bs_fbih_chart_template","kto_bs_fbih_470","l10n_bs.account_type_other","PDV po osnovu isporuka drugim obveznicima PDV-a",,
"4700","l10n_bs_fbih_chart_template","kto_bs_fbih_4700","l10n_bs.account_type_other","PDV po osnovu isporuka drugim obveznicima PDV-a",,
"471","l10n_bs_fbih_chart_template","kto_bs_fbih_471","l10n_bs.account_type_other","PDV po primljenim avansima",,
"472","l10n_bs_fbih_chart_template","kto_bs_fbih_472","l10n_bs.account_type_other","PDV po osnovu vlastite potrošnje u neposlovne svrhe",,
"473","l10n_bs_fbih_chart_template","kto_bs_fbih_473","l10n_bs.account_type_other","PDV po osnovu isporuka neobveznicima PDV-a (krajnja potrošnja)",,
"474","l10n_bs_fbih_chart_template","kto_bs_fbih_474","l10n_bs.account_type_other","PDV obračunat na usluge stranih lica",,
"475","l10n_bs_fbih_chart_template","kto_bs_fbih_475","l10n_bs.account_type_other","Obaveze za uplatu PDV-a po posebnoj šemi",,
"478","l10n_bs_fbih_chart_template","kto_bs_fbih_478","l10n_bs.account_type_other","Druge obaveze iz osnova PDV-a",,
"479","l10n_bs_fbih_chart_template","kto_bs_fbih_479","l10n_bs.account_type_other","Obaveze za razliku između obaveza za PDV i ulaznog poreza",,
"48","l10n_bs_fbih_chart_template","kto_bs_fbih_48","l10n_bs.account_type_other","Obaveze za ostale poreze, doprinose i druge dažbine",,
"480","l10n_bs_fbih_chart_template","kto_bs_fbih_480","l10n_bs.account_type_other","Obaveze za akcize",,
"481","l10n_bs_fbih_chart_template","kto_bs_fbih_481","l10n_bs.account_type_other","Obaveze za porez na dobit",,
"482","l10n_bs_fbih_chart_template","kto_bs_fbih_482","l10n_bs.account_type_other","Obaveze za poreze, carine i druge dažbine iz nabavke ili na teret troškova",,
"483","l10n_bs_fbih_chart_template","kto_bs_fbih_483","l10n_bs.account_type_other","Obaveze za ostale doprinose, članarine i sl. koje terete troškove",,
"484","l10n_bs_fbih_chart_template","kto_bs_fbih_484","l10n_bs.account_type_other","Obaveze za PDV koji se plaća pri uvozu",,
"489","l10n_bs_fbih_chart_template","kto_bs_fbih_489","l10n_bs.account_type_other","Ostale obaveze za poreze, doprinose i druge dažbine",,
"49","l10n_bs_fbih_chart_template","kto_bs_fbih_49","l10n_bs.account_type_other","Pasivna vremenska razgraničenja",,
"490","l10n_bs_fbih_chart_template","kto_bs_fbih_490","l10n_bs.account_type_other","Unaprijed obračunati rashodi perioda",,
"491","l10n_bs_fbih_chart_template","kto_bs_fbih_491","l10n_bs.account_type_other","Obračunati prihodi narednog perioda",,
"492","l10n_bs_fbih_chart_template","kto_bs_fbih_492","l10n_bs.account_type_other","Razgraničeni zavisni troškovi nabavke",,
"493","l10n_bs_fbih_chart_template","kto_bs_fbih_493","l10n_bs.account_type_other","Odloženi prihodi za primljene donacije i sl.",,
"494","l10n_bs_fbih_chart_template","kto_bs_fbih_494","l10n_bs.account_type_other","Razgraničeni prihodi po osnovu plasmana",,
"495","l10n_bs_fbih_chart_template","kto_bs_fbih_495","l10n_bs.account_type_other","Odložene porezne obaveze",,
"499","l10n_bs_fbih_chart_template","kto_bs_fbih_499","l10n_bs.account_type_other","Ostala pasivna vremenska razgraničenja",,
"5","l10n_bs_fbih_chart_template","kto_bs_fbih_5","account.data_account_type_expenses","RASHODI",,
"50","l10n_bs_fbih_chart_template","kto_bs_fbih_50","account.data_account_type_expenses","Nabavna vrijednost prodate robe",,
"500","l10n_bs_fbih_chart_template","kto_bs_fbih_500","account.data_account_type_expenses","Nabavka robe",,
"501","l10n_bs_fbih_chart_template","kto_bs_fbih_501","account.data_account_type_expenses","Nabavna vrijednost prodate robe",,
"502","l10n_bs_fbih_chart_template","kto_bs_fbih_502","account.data_account_type_expenses","Nabavna vrijednost prodatih nekretnina pribavljenih radi prodaje",,
"51","l10n_bs_fbih_chart_template","kto_bs_fbih_51","account.data_account_type_expenses","Materijalni troškovi",,
"510","l10n_bs_fbih_chart_template","kto_bs_fbih_510","account.data_account_type_expenses","Nabavka sirovina, materijala, rezervnih dijelova i inventara",,
"511","l10n_bs_fbih_chart_template","kto_bs_fbih_511","account.data_account_type_expenses","Utrošene sirovine i materijal",,
"512","l10n_bs_fbih_chart_template","kto_bs_fbih_512","account.data_account_type_expenses","Utrošena energija i gorivo",,
"513","l10n_bs_fbih_chart_template","kto_bs_fbih_513","account.data_account_type_expenses","Utrošeni rezervni dijelovi",,
"514","l10n_bs_fbih_chart_template","kto_bs_fbih_514","account.data_account_type_expenses","Otpis sitnog inventara, ambalaže i autoguma",,
"519","l10n_bs_fbih_chart_template","kto_bs_fbih_519","account.data_account_type_expenses","Odstupanje od cijena",,
"52","l10n_bs_fbih_chart_template","kto_bs_fbih_52","account.data_account_type_expenses","Troškovi plaća i ostalih primanja zaposlenih i drugih fizičkih lica",,
"520","l10n_bs_fbih_chart_template","kto_bs_fbih_520","account.data_account_type_expenses","Troškovi plaća",,
"521","l10n_bs_fbih_chart_template","kto_bs_fbih_521","account.data_account_type_expenses","Troškovi naknada plaća",,
"523","l10n_bs_fbih_chart_template","kto_bs_fbih_523","account.data_account_type_expenses","Troškovi službenih putovanja zaposlenih",,
"524","l10n_bs_fbih_chart_template","kto_bs_fbih_524","account.data_account_type_expenses","Troškovi ostalih primanja, naknada i materijalnih prava zaposlenih",,
"527","l10n_bs_fbih_chart_template","kto_bs_fbih_527","account.data_account_type_expenses","Troškovi naknada članovima odbora, komisija i sl.",,
"529","l10n_bs_fbih_chart_template","kto_bs_fbih_529","account.data_account_type_expenses","Troškovi naknada ostalim fizičkim licima",,
"53","l10n_bs_fbih_chart_template","kto_bs_fbih_53","account.data_account_type_expenses","Troškovi proizvodnih usluga",,
"530","l10n_bs_fbih_chart_template","kto_bs_fbih_530","account.data_account_type_expenses","Troškovi usluga izrade i dorade učinaka",,
"531","l10n_bs_fbih_chart_template","kto_bs_fbih_531","account.data_account_type_expenses","Troškovi transportnih usluga",,
"532","l10n_bs_fbih_chart_template","kto_bs_fbih_532","account.data_account_type_expenses","Troškovi usluga održavanja",,
"533","l10n_bs_fbih_chart_template","kto_bs_fbih_533","account.data_account_type_expenses","Troškovi zakupa",,
"534","l10n_bs_fbih_chart_template","kto_bs_fbih_534","account.data_account_type_expenses","Troškovi sajmova",,
"535","l10n_bs_fbih_chart_template","kto_bs_fbih_535","account.data_account_type_expenses","Troškovi reklame i sponzorstava",,
"536","l10n_bs_fbih_chart_template","kto_bs_fbih_536","account.data_account_type_expenses","Troškovi istraživanja",,
"537","l10n_bs_fbih_chart_template","kto_bs_fbih_537","account.data_account_type_expenses","Troškovi razvoja koji se ne kapitalizuju",,
"539","l10n_bs_fbih_chart_template","kto_bs_fbih_539","account.data_account_type_expenses","Troškovi ostalih usluga",,
"54","l10n_bs_fbih_chart_template","kto_bs_fbih_54","account.data_account_type_expenses","Amortizacija i troškovi rezervisanja",,
"540","l10n_bs_fbih_chart_template","kto_bs_fbih_540","account.data_account_type_expenses","Amortizacija do visine porezno priznatih rashoda",,
"541","l10n_bs_fbih_chart_template","kto_bs_fbih_541","account.data_account_type_expenses","Amortizacija - privremeno porezno nepriznati rashod",,
"542","l10n_bs_fbih_chart_template","kto_bs_fbih_542","account.data_account_type_expenses","Amortizacija - trajno porezno nepriznati rashod",,
"543","l10n_bs_fbih_chart_template","kto_bs_fbih_543","account.data_account_type_expenses","Troškovi rezervisanja iz osnova datih garantnih rokova",,
"544","l10n_bs_fbih_chart_template","kto_bs_fbih_544","account.data_account_type_expenses","Troškovi rezervisanja za obnavljanje prirodnih bogatstava",,
"545","l10n_bs_fbih_chart_template","kto_bs_fbih_545","account.data_account_type_expenses","Troškovi rezervisanja za zadržane kaucije i depozite",,
"546","l10n_bs_fbih_chart_template","kto_bs_fbih_546","account.data_account_type_expenses","Troškovi rezervisanja za restrukturiranje",,
"547","l10n_bs_fbih_chart_template","kto_bs_fbih_547","account.data_account_type_expenses","Troškovi rezervisanja za naknade i druge beneficije zaposlenika",,
"548","l10n_bs_fbih_chart_template","kto_bs_fbih_548","account.data_account_type_expenses","Troškovi rezervisanja za sudske sporove i štetne ugovore",,
"549","l10n_bs_fbih_chart_template","kto_bs_fbih_549","account.data_account_type_expenses","Troškovi ostalih dugoročnih rezervisanja",,
"55","l10n_bs_fbih_chart_template","kto_bs_fbih_55","account.data_account_type_expenses","Nematerijalni troškovi",,
"550","l10n_bs_fbih_chart_template","kto_bs_fbih_550","account.data_account_type_expenses","Troškovi neproizvodnih usluga",,
"551","l10n_bs_fbih_chart_template","kto_bs_fbih_551","account.data_account_type_expenses","Troškovi reprezentacije",,
"552","l10n_bs_fbih_chart_template","kto_bs_fbih_552","account.data_account_type_expenses","Troškovi premija osiguranja",,
"553","l10n_bs_fbih_chart_template","kto_bs_fbih_553","account.data_account_type_expenses","Troškovi platnog prometa",,
"554","l10n_bs_fbih_chart_template","kto_bs_fbih_554","account.data_account_type_expenses","Trošovi poštanskih i telekomunikacionih usluga",,
"555","l10n_bs_fbih_chart_template","kto_bs_fbih_555","account.data_account_type_expenses","Troškovi poreza, naknada, taksi i dr. dažbina na teret pravnog lica",,
"556","l10n_bs_fbih_chart_template","kto_bs_fbih_556","account.data_account_type_expenses","Troškovi članskih doprinosa i sl. obaveza",,
"559","l10n_bs_fbih_chart_template","kto_bs_fbih_559","account.data_account_type_expenses","Ostali nematerijalni troškovi",,
"56","l10n_bs_fbih_chart_template","kto_bs_fbih_56","account.data_account_type_expenses","Finansijski rashodi",,
"560","l10n_bs_fbih_chart_template","kto_bs_fbih_560","account.data_account_type_expenses","Finansijski rashodi iz odnosa s povezanim pravnim licima",,
"561","l10n_bs_fbih_chart_template","kto_bs_fbih_561","account.data_account_type_expenses","Rashodi kamata",,
"562","l10n_bs_fbih_chart_template","kto_bs_fbih_562","account.data_account_type_expenses","Negativne kursne razlike",,
"5620","l10n_bs_fbih_chart_template","kto_bs_fbih_5620","account.data_account_type_expenses","Negativne kursne razlike",,
"563","l10n_bs_fbih_chart_template","kto_bs_fbih_563","account.data_account_type_expenses","Rashodi iz osnova valutne klauzule",,
"569","l10n_bs_fbih_chart_template","kto_bs_fbih_569","account.data_account_type_expenses","Ostali finansijski rashodi",,
"57","l10n_bs_fbih_chart_template","kto_bs_fbih_57","account.data_account_type_expenses","Ostali rashodi i gubici",,
"570","l10n_bs_fbih_chart_template","kto_bs_fbih_570","account.data_account_type_expenses","Gubici od prodaje i rashodovanja stalnih sredstava",,
"571","l10n_bs_fbih_chart_template","kto_bs_fbih_571","account.data_account_type_expenses","Gubici od prodaje i rashodovanja investicijskih nekretnina",,
"572","l10n_bs_fbih_chart_template","kto_bs_fbih_572","account.data_account_type_expenses","Gubici od prodaje i rashodovanja bioloških sredstava",,
"573","l10n_bs_fbih_chart_template","kto_bs_fbih_573","account.data_account_type_expenses","Gubici od prodaje sredstava namijenjenih prodaji i obustavljenog poslovanja",,
"574","l10n_bs_fbih_chart_template","kto_bs_fbih_574","account.data_account_type_expenses","Gubici od prodaje učešća u kapitalu i vrijednosnih papira",,
"575","l10n_bs_fbih_chart_template","kto_bs_fbih_575","account.data_account_type_expenses","Gubici od prodaje materijala",,
"576","l10n_bs_fbih_chart_template","kto_bs_fbih_576","account.data_account_type_expenses","Manjkovi",,
"577","l10n_bs_fbih_chart_template","kto_bs_fbih_577","account.data_account_type_expenses","Rashodi iz osnova zaštite od rizika koji ne ispunjavaju uslove da budu iskazani u okviru revalorizacionih rezervi",,
"578","l10n_bs_fbih_chart_template","kto_bs_fbih_578","account.data_account_type_expenses","Rashodi po osnovu ispravke vrijednosti i otpisa potraživanja",,
"579","l10n_bs_fbih_chart_template","kto_bs_fbih_579","account.data_account_type_expenses","Rashodovanja i gubici na zalihama materijala i robe i ostali rashodi",,
"58","l10n_bs_fbih_chart_template","kto_bs_fbih_58","account.data_account_type_expenses","Rashodi/gubici iz osnova umanjenja vrijednosti sredstava",,
"580","l10n_bs_fbih_chart_template","kto_bs_fbih_580","account.data_account_type_expenses","Umanjenje vrijednosti nematerijalnih sredstava",,
"581","l10n_bs_fbih_chart_template","kto_bs_fbih_581","account.data_account_type_expenses","Umanjenje vrijednosti materijalnih stalnih sredstava",,
"582","l10n_bs_fbih_chart_template","kto_bs_fbih_582","account.data_account_type_expenses","Umanjenje vrijednosti investicijskih nekretnina za koje se obračunava amortizacija",,
"583","l10n_bs_fbih_chart_template","kto_bs_fbih_583","account.data_account_type_expenses","Umanjenje vrijednosti bioloških sredstava za koja se obračunava amortizacija",,
"584","l10n_bs_fbih_chart_template","kto_bs_fbih_584","account.data_account_type_expenses","Umanjenje vrijednosti dugoročnih finansijskih plasmana i finansijskih sredstava raspoloživih za prodaju",,
"585","l10n_bs_fbih_chart_template","kto_bs_fbih_585","account.data_account_type_expenses","Umanjenje vrijednosti zaliha",,
"586","l10n_bs_fbih_chart_template","kto_bs_fbih_586","account.data_account_type_expenses","Umanjenje vrijednosti kratkoročnih finansijskih plasmana",,
"588","l10n_bs_fbih_chart_template","kto_bs_fbih_588","account.data_account_type_expenses","Umanjenje vrijednosti sredstava namijenjenih prodaji i obustavljenog poslovanja",,
"589","l10n_bs_fbih_chart_template","kto_bs_fbih_589","account.data_account_type_expenses","Umanjenje vrijednosti ostalih sredstava",,
"59","l10n_bs_fbih_chart_template","kto_bs_fbih_59","account.data_account_type_expenses","Efekti promjena računovodstvenih politika i ispravki grešaka iz ranijih godina, promjena vrijednosti zaliha učinaka i prenos rashoda",,
"590","l10n_bs_fbih_chart_template","kto_bs_fbih_590","account.data_account_type_expenses","Rashodi iz osnova promjene računovodstvenih politika",,
"591","l10n_bs_fbih_chart_template","kto_bs_fbih_591","account.data_account_type_expenses","Rashodi iz osnova ispravki grešaka iz ranijih godina",,
"595","l10n_bs_fbih_chart_template","kto_bs_fbih_595","account.data_account_type_expenses","Povećanje vrijednosti zaliha učinaka",,
"596","l10n_bs_fbih_chart_template","kto_bs_fbih_596","account.data_account_type_expenses","Smanjenje vrijednosti zaliha učinaka",,
"599","l10n_bs_fbih_chart_template","kto_bs_fbih_599","account.data_account_type_expenses","Prenos rashoda",,
"6","l10n_bs_fbih_chart_template","kto_bs_fbih_6","account.data_account_type_revenue","PRIHODI",,
"60","l10n_bs_fbih_chart_template","kto_bs_fbih_60","account.data_account_type_revenue","Prihodi od prodaje robe",,
"600","l10n_bs_fbih_chart_template","kto_bs_fbih_600","account.data_account_type_revenue","Prihodi od prodaje robe povezanim pravnim licima",,
"601","l10n_bs_fbih_chart_template","kto_bs_fbih_601","account.data_account_type_revenue","Prihodi od prodaje robe na domaćem tržištu",,
"6010","l10n_bs_fbih_chart_template","kto_bs_fbih_6010","account.data_account_type_revenue","Prihodi od prodaje robe na domaćem tržištu",,
"602","l10n_bs_fbih_chart_template","kto_bs_fbih_602","account.data_account_type_revenue","Prihodi od prodaje robe na stranom tržištu",,
"61","l10n_bs_fbih_chart_template","kto_bs_fbih_61","account.data_account_type_revenue","Prihodi od prodaje učinaka",,
"610","l10n_bs_fbih_chart_template","kto_bs_fbih_610","account.data_account_type_revenue","Prihodi od prodaje učinaka povezanim pravnim licima",,
"611","l10n_bs_fbih_chart_template","kto_bs_fbih_611","account.data_account_type_revenue","Prihodi od prodaje učinaka na domaćem tržištu",,
"612","l10n_bs_fbih_chart_template","kto_bs_fbih_612","account.data_account_type_revenue","Prihodi od prodaje učinaka na stranom tržištu",,
"62","l10n_bs_fbih_chart_template","kto_bs_fbih_62","account.data_account_type_revenue","Prihodi od aktiviranja ili potrošnje robe i učinaka",,
"620","l10n_bs_fbih_chart_template","kto_bs_fbih_620","account.data_account_type_revenue","Prihodi od aktiviranja ili potrošnje robe",,
"621","l10n_bs_fbih_chart_template","kto_bs_fbih_621","account.data_account_type_revenue","Prihodi od aktiviranja ili potrošnje učinaka",,
"64","l10n_bs_fbih_chart_template","kto_bs_fbih_64","account.data_account_type_revenue","Promjena vrijednosti specifičnih stalnih sredstava",,
"640","l10n_bs_fbih_chart_template","kto_bs_fbih_640","account.data_account_type_revenue","Povećanje vrijednosti investicijskih nekretnina koja se ne amortizujuju",,
"641","l10n_bs_fbih_chart_template","kto_bs_fbih_641","account.data_account_type_revenue","Povećanje vrijednosti bioloških sredstava koja se ne amortizuju",,
"642","l10n_bs_fbih_chart_template","kto_bs_fbih_642","account.data_account_type_revenue","Povećanje vrijednosti ostalih specifičnih sredstava koja se ne amortizuju",,
"643","l10n_bs_fbih_chart_template","kto_bs_fbih_643","account.data_account_type_revenue","Smanjenje vrijednosti investicijskih nekretnina koje se ne amortizuju",,
"644","l10n_bs_fbih_chart_template","kto_bs_fbih_644","account.data_account_type_revenue","Smanjenje vrijednosti bioloških sredstava koja se ne amortizuju",,
"645","l10n_bs_fbih_chart_template","kto_bs_fbih_645","account.data_account_type_revenue","Smanjenje vrijednosti ostalih specifičnih sredstava koja se ne amortizuju",,
"65","l10n_bs_fbih_chart_template","kto_bs_fbih_65","account.data_account_type_revenue","Ostali poslovni prihodi",,
"650","l10n_bs_fbih_chart_template","kto_bs_fbih_650","account.data_account_type_revenue","Prihodi od premija, subvencija, poticaja i sl.",,
"651","l10n_bs_fbih_chart_template","kto_bs_fbih_651","account.data_account_type_revenue","Prihodi od zakupa",,
"652","l10n_bs_fbih_chart_template","kto_bs_fbih_652","account.data_account_type_revenue","Prihodi od donacija",,
"653","l10n_bs_fbih_chart_template","kto_bs_fbih_653","account.data_account_type_revenue","Prihodi od članarina",,
"654","l10n_bs_fbih_chart_template","kto_bs_fbih_654","account.data_account_type_revenue","Prihodi od tantijema i licencnih prava",,
"655","l10n_bs_fbih_chart_template","kto_bs_fbih_655","account.data_account_type_revenue","Prihodi iz namjenskih izvora finansiranja",,
"659","l10n_bs_fbih_chart_template","kto_bs_fbih_659","account.data_account_type_revenue","Ostali prihodi po drugim osnovama",,
"66","l10n_bs_fbih_chart_template","kto_bs_fbih_66","account.data_account_type_revenue","Finansijski prihodi",,
"660","l10n_bs_fbih_chart_template","kto_bs_fbih_660","account.data_account_type_revenue","Finansijski prihodi od povezanih pravnih lica",,
"661","l10n_bs_fbih_chart_template","kto_bs_fbih_661","account.data_account_type_revenue","Prihodi od kamata",,
"662","l10n_bs_fbih_chart_template","kto_bs_fbih_662","account.data_account_type_revenue","Pozitivne kursne razlike",,
"6620","l10n_bs_fbih_chart_template","kto_bs_fbih_6620","account.data_account_type_revenue","Pozitivne kursne razlike",,
"663","l10n_bs_fbih_chart_template","kto_bs_fbih_663","account.data_account_type_revenue","Prihodi od efekata valutne klauzule",,
"664","l10n_bs_fbih_chart_template","kto_bs_fbih_664","account.data_account_type_revenue","Prihodi od učešća u dobiti zajedničkih ulaganja",,
"669","l10n_bs_fbih_chart_template","kto_bs_fbih_669","account.data_account_type_revenue","Ostali finansijski prihodi",,
"67","l10n_bs_fbih_chart_template","kto_bs_fbih_67","account.data_account_type_revenue","Ostali prihodi i dobici",,
"670","l10n_bs_fbih_chart_template","kto_bs_fbih_670","account.data_account_type_revenue","Dobici od prodaje nematerijalnih i materijalnih stalnih sredstava",,
"671","l10n_bs_fbih_chart_template","kto_bs_fbih_671","account.data_account_type_revenue","Dobici od prodaje investicijskih nekretnina",,
"672","l10n_bs_fbih_chart_template","kto_bs_fbih_672","account.data_account_type_revenue","Dobici od prodaje bioloških sredstava",,
"673","l10n_bs_fbih_chart_template","kto_bs_fbih_673","account.data_account_type_revenue","Dobici od prodaje sredstava namijenjenih prodaji i obustavljenog poslovanja",,
"674","l10n_bs_fbih_chart_template","kto_bs_fbih_674","account.data_account_type_revenue","Dobici od prodaje učešća u kapitalu i vrijednosnih papira",,
"675","l10n_bs_fbih_chart_template","kto_bs_fbih_675","account.data_account_type_revenue","Dobici od prodaje materijala",,
"676","l10n_bs_fbih_chart_template","kto_bs_fbih_676","account.data_account_type_revenue","Viškovi",,
"677","l10n_bs_fbih_chart_template","kto_bs_fbih_677","account.data_account_type_revenue","Naplaćena otpisana potraživanja",,
"678","l10n_bs_fbih_chart_template","kto_bs_fbih_678","account.data_account_type_revenue","Prihodi po osnovu ugovorene zaštite od rizika",,
"679","l10n_bs_fbih_chart_template","kto_bs_fbih_679","account.data_account_type_revenue","Otpis obaveza, ukinuta rezervisanja i ostali prihodi",,
"68","l10n_bs_fbih_chart_template","kto_bs_fbih_68","account.data_account_type_revenue","Prihodi/dobici iz osnova usklađivanja vrijednosti sredstava",,
"680","l10n_bs_fbih_chart_template","kto_bs_fbih_680","account.data_account_type_revenue","Prihodi od usklađivanja vrijednosti nematerijalnih sredstava",,
"681","l10n_bs_fbih_chart_template","kto_bs_fbih_681","account.data_account_type_revenue","Prihodi od usklađivanja vrijednosti materijalnih stalnih sredstava",,
"682","l10n_bs_fbih_chart_template","kto_bs_fbih_682","account.data_account_type_revenue","Prihodi od usklađivanja vrijednosti investicijskih nekretnina za koje se obračunava amortizacija",,
"683","l10n_bs_fbih_chart_template","kto_bs_fbih_683","account.data_account_type_revenue","Prihodi od usklađivanja vrijednosti bioloških sredstava za koja se obračunava amortizacija",,
"684","l10n_bs_fbih_chart_template","kto_bs_fbih_684","account.data_account_type_revenue","Prihodi od usklađivanja vrijednosti dugoročnih finansijskih plasmana i finansijskih sredstava raspoloživih za prodaju",,
"685","l10n_bs_fbih_chart_template","kto_bs_fbih_685","account.data_account_type_revenue","Prihodi od usklađivanja vrijednosti zaliha",,
"686","l10n_bs_fbih_chart_template","kto_bs_fbih_686","account.data_account_type_revenue","Prihodi od usklađivanja vrijednosti kratkoročnih finansijskih plasmana",,
"687","l10n_bs_fbih_chart_template","kto_bs_fbih_687","account.data_account_type_revenue","Prihodi od usklađivanja vrijednosti kapitala (negativni goodwill)",,
"688","l10n_bs_fbih_chart_template","kto_bs_fbih_688","account.data_account_type_revenue","Prihodi od usklađivanja vrijednosti sredstava namijenjenih prodaji i obustavljenog poslovanja",,
"689","l10n_bs_fbih_chart_template","kto_bs_fbih_689","account.data_account_type_revenue","Prihodi od usklađivanja vrijednosti ostalih sredstava",,
"69","l10n_bs_fbih_chart_template","kto_bs_fbih_69","account.data_account_type_revenue","Efekti promjena računovodstvenih politika i ispravki grešaka iz ranijih godina i prenos prihoda",,
"690","l10n_bs_fbih_chart_template","kto_bs_fbih_690","account.data_account_type_revenue","Prihodi iz osnova promjene računovodstvenih politika",,
"691","l10n_bs_fbih_chart_template","kto_bs_fbih_691","account.data_account_type_revenue","Prihodi iz osnova ispravki grešaka iz ranijih godina",,
"699","l10n_bs_fbih_chart_template","kto_bs_fbih_699","account.data_account_type_revenue","Prenos prihoda",,
"7","l10n_bs_fbih_chart_template","kto_bs_fbih_7","l10n_bs.account_type_other","OTVARANJE I ZAKLJUČAK KONTA STANJA I USPJEHA",,
"70","l10n_bs_fbih_chart_template","kto_bs_fbih_70","l10n_bs.account_type_other","Otvaranje glavne knjige",,
"700","l10n_bs_fbih_chart_template","kto_bs_fbih_700","l10n_bs.account_type_other","Otvaranje glavne knjige finansijskog računovodstva",,
"71","l10n_bs_fbih_chart_template","kto_bs_fbih_71","l10n_bs.account_type_other","Zaključak konta uspjeha",,
"710","l10n_bs_fbih_chart_template","kto_bs_fbih_710","l10n_bs.account_type_other","Ukupni prihodi",,
"711","l10n_bs_fbih_chart_template","kto_bs_fbih_711","l10n_bs.account_type_other","Ukupni rashodi",,
"712","l10n_bs_fbih_chart_template","kto_bs_fbih_712","l10n_bs.account_type_other","Prenos rezultata perioda",,
"72","l10n_bs_fbih_chart_template","kto_bs_fbih_72","l10n_bs.account_type_other","Račun dobiti i gubitka",,
"720","l10n_bs_fbih_chart_template","kto_bs_fbih_720","l10n_bs.account_type_other","Dobit ili gubitak",,
"721","l10n_bs_fbih_chart_template","kto_bs_fbih_721","l10n_bs.account_type_other","Porezni rashodi perioda",,
"722","l10n_bs_fbih_chart_template","kto_bs_fbih_722","l10n_bs.account_type_other","Odloženi porezni rashodi i prihodi perioda",,
"723","l10n_bs_fbih_chart_template","kto_bs_fbih_723","l10n_bs.account_type_other","Obračunate međudividende i drugi vidovi raspodjele dobiti u toku perioda",,
"724","l10n_bs_fbih_chart_template","kto_bs_fbih_724","l10n_bs.account_type_other","Prenos dobiti ili gubitka",,
"73","l10n_bs_fbih_chart_template","kto_bs_fbih_73","l10n_bs.account_type_other","Zaključak konta stanja",,
"730","l10n_bs_fbih_chart_template","kto_bs_fbih_730","l10n_bs.account_type_other","Zaključak konta stanja",,
"8","l10n_bs_fbih_chart_template","kto_bs_fbih_8","l10n_bs.account_type_other","VANBILANSNA EVIDENCIJA",,
"88","l10n_bs_fbih_chart_template","kto_bs_fbih_88","l10n_bs.account_type_other","Vanbilansna aktiva",,
"880","l10n_bs_fbih_chart_template","kto_bs_fbih_880","l10n_bs.account_type_other","Tuđa roba",,
"881","l10n_bs_fbih_chart_template","kto_bs_fbih_881","l10n_bs.account_type_other","Tuđi materijal",,
"882","l10n_bs_fbih_chart_template","kto_bs_fbih_882","l10n_bs.account_type_other","Tuđi poluproizvodi i proizvodi",,
"883","l10n_bs_fbih_chart_template","kto_bs_fbih_883","l10n_bs.account_type_other","Tuđa osnovna sredstva",,
"884","l10n_bs_fbih_chart_template","kto_bs_fbih_884","l10n_bs.account_type_other","Ostala aktivna konta vanbilansne evidencije",,
"885","l10n_bs_fbih_chart_template","kto_bs_fbih_885","l10n_bs.account_type_other","Vrijednosni papiri van prometa",,
"886","l10n_bs_fbih_chart_template","kto_bs_fbih_886","l10n_bs.account_type_other","Primljeni avali i garancije",,
"887","l10n_bs_fbih_chart_template","kto_bs_fbih_887","l10n_bs.account_type_other","Dati avali, garancije i druga jamstva",,
"888","l10n_bs_fbih_chart_template","kto_bs_fbih_888","l10n_bs.account_type_other","Ostala vanbilansna aktiva",,
"89","l10n_bs_fbih_chart_template","kto_bs_fbih_89","l10n_bs.account_type_other","Vanbilansna pasiva",,
"890","l10n_bs_fbih_chart_template","kto_bs_fbih_890","l10n_bs.account_type_other","Obaveze za tuđu robu",,
"891","l10n_bs_fbih_chart_template","kto_bs_fbih_891","l10n_bs.account_type_other","Obaveze za tuđi materijal",,
"892","l10n_bs_fbih_chart_template","kto_bs_fbih_892","l10n_bs.account_type_other","Obaveze za tuđe poluproizvode i proizvode",,
"893","l10n_bs_fbih_chart_template","kto_bs_fbih_893","l10n_bs.account_type_other","Obaveze za tuđa osnovna sredstva",,
"894","l10n_bs_fbih_chart_template","kto_bs_fbih_894","l10n_bs.account_type_other","Obaveze za ostala sredstva",,
"895","l10n_bs_fbih_chart_template","kto_bs_fbih_895","l10n_bs.account_type_other","Obaveze za vrijednosne papire van prometa",,
"896","l10n_bs_fbih_chart_template","kto_bs_fbih_896","l10n_bs.account_type_other","Obaveze za primljene avale i garancije",,
"897","l10n_bs_fbih_chart_template","kto_bs_fbih_897","l10n_bs.account_type_other","Obaveze za date avale, garancije i druga jamstva",,
"898","l10n_bs_fbih_chart_template","kto_bs_fbih_898","l10n_bs.account_type_other","Ostala vanbilansna pasiva",,
"9","l10n_bs_fbih_chart_template","kto_bs_fbih_9","l10n_bs.account_type_other","OBRAČUN TROŠKOVA I UČINAKA",,
"90","l10n_bs_fbih_chart_template","kto_bs_fbih_90","l10n_bs.account_type_other","Konta odnosa sa finansijskim računovodstvom",,
"900","l10n_bs_fbih_chart_template","kto_bs_fbih_900","l10n_bs.account_type_other","Preuzimanje zaliha",,
"901","l10n_bs_fbih_chart_template","kto_bs_fbih_901","l10n_bs.account_type_other","Preuzimanje nabavke materijala i robe",,
"902","l10n_bs_fbih_chart_template","kto_bs_fbih_902","l10n_bs.account_type_other","Preuzimanje troškova",,
"903","l10n_bs_fbih_chart_template","kto_bs_fbih_903","l10n_bs.account_type_other","Preuzimanje prihoda",,
"91","l10n_bs_fbih_chart_template","kto_bs_fbih_91","l10n_bs.account_type_other","Materijal i roba",,
"910","l10n_bs_fbih_chart_template","kto_bs_fbih_910","l10n_bs.account_type_other","Materijal",,
"911","l10n_bs_fbih_chart_template","kto_bs_fbih_911","l10n_bs.account_type_other","Roba",,
"912","l10n_bs_fbih_chart_template","kto_bs_fbih_912","l10n_bs.account_type_other","Proizvodi i roba u prodavnici proizvođača",,
"92","l10n_bs_fbih_chart_template","kto_bs_fbih_92","l10n_bs.account_type_other","Konta mjesta troškova nabavke, tehničke uprave i pomoćnih djelatnosti",,
"920","l10n_bs_fbih_chart_template","kto_bs_fbih_920","l10n_bs.account_type_other","Troškovi materijala za izradu",,
"921","l10n_bs_fbih_chart_template","kto_bs_fbih_921","l10n_bs.account_type_other","Troškovi ostalog (režijskog) materijala",,
"922","l10n_bs_fbih_chart_template","kto_bs_fbih_922","l10n_bs.account_type_other","Troškovi goriva podignutog iz skladišta",,
"923","l10n_bs_fbih_chart_template","kto_bs_fbih_923","l10n_bs.account_type_other","Troškovi ostalog goriva i energije",,
"924","l10n_bs_fbih_chart_template","kto_bs_fbih_924","l10n_bs.account_type_other","Troškovi zarada i naknada zarada",,
"925","l10n_bs_fbih_chart_template","kto_bs_fbih_925","l10n_bs.account_type_other","Troškovi proizvodnih usluga",,
"926","l10n_bs_fbih_chart_template","kto_bs_fbih_926","l10n_bs.account_type_other","Troškovi amortizacije i rezevisanja",,
"927","l10n_bs_fbih_chart_template","kto_bs_fbih_927","l10n_bs.account_type_other","Nematerijalni troškovi",,
"928","l10n_bs_fbih_chart_template","kto_bs_fbih_928","l10n_bs.account_type_other","Alocirani troškovi zajedničkih mjesta troškova",,
"929","l10n_bs_fbih_chart_template","kto_bs_fbih_929","l10n_bs.account_type_other","Prenos troškova","Alternativa: Troškovi obuhvaćeni kontima 924 do 927 mogu se obuhvatiti na jednom kontu Opći troškovi, pa bi u tom slučaju konta grupe 92 bila sljedeća: ",
"920","l10n_bs_fbih_chart_template","kto_bs_fbih_920","l10n_bs.account_type_other","Troškovi materijala za izradu",,
"921","l10n_bs_fbih_chart_template","kto_bs_fbih_921","l10n_bs.account_type_other","Troškovi ostalog (režijskog) materijala",,
"922","l10n_bs_fbih_chart_template","kto_bs_fbih_922","l10n_bs.account_type_other","Troškovi goriva podignutog iz skladišta",,
"923","l10n_bs_fbih_chart_template","kto_bs_fbih_923","l10n_bs.account_type_other","Troškovi ostalog goriva i energije",,
"924","l10n_bs_fbih_chart_template","kto_bs_fbih_924","l10n_bs.account_type_other","Opći troškovi",,
"928","l10n_bs_fbih_chart_template","kto_bs_fbih_928","l10n_bs.account_type_other","Alocirani troškovi zajedničkih mjesta troškova",,
"929","l10n_bs_fbih_chart_template","kto_bs_fbih_929","l10n_bs.account_type_other","Prenos troškova",,
"93","l10n_bs_fbih_chart_template","kto_bs_fbih_93","l10n_bs.account_type_other","Konta glavnih proizvodnih mjesta troškova",,
"930","l10n_bs_fbih_chart_template","kto_bs_fbih_930","l10n_bs.account_type_other","Troškovi materijala za izradu",,
"931","l10n_bs_fbih_chart_template","kto_bs_fbih_931","l10n_bs.account_type_other","Troškovi ostalog (režijskog) materijala",,
"932","l10n_bs_fbih_chart_template","kto_bs_fbih_932","l10n_bs.account_type_other","Troškovi goriva podignutog iz skladišta",,
"933","l10n_bs_fbih_chart_template","kto_bs_fbih_933","l10n_bs.account_type_other","Troškovi ostalog goriva i energije",,
"934","l10n_bs_fbih_chart_template","kto_bs_fbih_934","l10n_bs.account_type_other","Troškovi zarada i naknada zarada",,
"935","l10n_bs_fbih_chart_template","kto_bs_fbih_935","l10n_bs.account_type_other","Troškovi proizvodnih usluga",,
"936","l10n_bs_fbih_chart_template","kto_bs_fbih_936","l10n_bs.account_type_other","Troškovi amortizacije i rezervisanja",,
"937","l10n_bs_fbih_chart_template","kto_bs_fbih_937","l10n_bs.account_type_other","Nematerijalni troškovi",,
"938","l10n_bs_fbih_chart_template","kto_bs_fbih_938","l10n_bs.account_type_other","Alocirani troškovi zajedničkih mjesta troškova",,
"939","l10n_bs_fbih_chart_template","kto_bs_fbih_939","l10n_bs.account_type_other","Prenos troškova","Alternativa: Troškovi obuhvaćeni kontima 934 do 937 mogu se obuhvatiti na jednom kontu Opći troškovi, pa bi u tom slučaju konta grupe 93 bila sljedeća: ",
"930","l10n_bs_fbih_chart_template","kto_bs_fbih_930","l10n_bs.account_type_other","Troškovi materijala za izradu",,
"931","l10n_bs_fbih_chart_template","kto_bs_fbih_931","l10n_bs.account_type_other","Troškovi ostalog (režijskog) materijala",,
"932","l10n_bs_fbih_chart_template","kto_bs_fbih_932","l10n_bs.account_type_other","Troškovi goriva podignutog iz skladišta",,
"933","l10n_bs_fbih_chart_template","kto_bs_fbih_933","l10n_bs.account_type_other","Troškovi ostalog goriva i energije",,
"934","l10n_bs_fbih_chart_template","kto_bs_fbih_934","l10n_bs.account_type_other","Opći troškovi",,
"938","l10n_bs_fbih_chart_template","kto_bs_fbih_938","l10n_bs.account_type_other","Alocirani troškovi zajedničkih mjesta troškova",,
"939","l10n_bs_fbih_chart_template","kto_bs_fbih_939","l10n_bs.account_type_other","Prenos troškova",,
"94","l10n_bs_fbih_chart_template","kto_bs_fbih_94","l10n_bs.account_type_other","Konta mjesta troškova uprave, prodaje i sličnih aktivnosti",,
"940","l10n_bs_fbih_chart_template","kto_bs_fbih_940","l10n_bs.account_type_other","Troškovi materijala za izradu",,
"941","l10n_bs_fbih_chart_template","kto_bs_fbih_941","l10n_bs.account_type_other","Troškovi ostalog (režijskog) materijala",,
"942","l10n_bs_fbih_chart_template","kto_bs_fbih_942","l10n_bs.account_type_other","Troškovi goriva podignutog iz skladišta",,
"943","l10n_bs_fbih_chart_template","kto_bs_fbih_943","l10n_bs.account_type_other","Troškovi ostalog goriva i energije",,
"944","l10n_bs_fbih_chart_template","kto_bs_fbih_944","l10n_bs.account_type_other","Troškovi zarada i naknada zarada",,
"945","l10n_bs_fbih_chart_template","kto_bs_fbih_945","l10n_bs.account_type_other","Troškovi proizvodnih usluga",,
"946","l10n_bs_fbih_chart_template","kto_bs_fbih_946","l10n_bs.account_type_other","Troškovi amortizacije i rezervisanja",,
"947","l10n_bs_fbih_chart_template","kto_bs_fbih_947","l10n_bs.account_type_other","Nematerijalni troškovi",,
"948","l10n_bs_fbih_chart_template","kto_bs_fbih_948","l10n_bs.account_type_other","Alocirani troškovi zajedničkih mjesta troškova",,
"949","l10n_bs_fbih_chart_template","kto_bs_fbih_949","l10n_bs.account_type_other","Prenos troškova","Alternativa: Troškovi obuhvaćeni kontima 944 do 947 mogu se obuhvatiti na jednom kontu Opći troškovi, pa bi u tom slučaju konta grupe 94 bila sljedeća: ",
"940","l10n_bs_fbih_chart_template","kto_bs_fbih_940","l10n_bs.account_type_other","Troškovi materijala za izradu",,
"941","l10n_bs_fbih_chart_template","kto_bs_fbih_941","l10n_bs.account_type_other","Troškovi ostalog (režijskog) materijala",,
"942","l10n_bs_fbih_chart_template","kto_bs_fbih_942","l10n_bs.account_type_other","Troškovi goriva podignutog iz skladišta",,
"943","l10n_bs_fbih_chart_template","kto_bs_fbih_943","l10n_bs.account_type_other","Troškovi ostalog goriva i energije",,
"944","l10n_bs_fbih_chart_template","kto_bs_fbih_944","l10n_bs.account_type_other","Opći troškovi",,
"948","l10n_bs_fbih_chart_template","kto_bs_fbih_948","l10n_bs.account_type_other","Alocirani troškovi zajedničkih mjesta troškova",,
"949","l10n_bs_fbih_chart_template","kto_bs_fbih_949","l10n_bs.account_type_other","Prenos troškova: NAPOMENA: Konta grupe 92, 93 i 94 vode se po mjestima troškova.",,
"95","l10n_bs_fbih_chart_template","kto_bs_fbih_95","l10n_bs.account_type_other","Nosioci troškova",,
"950","l10n_bs_fbih_chart_template","kto_bs_fbih_950","l10n_bs.account_type_other","Nedovršeni učinci",,
"951","l10n_bs_fbih_chart_template","kto_bs_fbih_951","l10n_bs.account_type_other","Prenos proizvoda iz proizvodnje u skladište",,
"952","l10n_bs_fbih_chart_template","kto_bs_fbih_952","l10n_bs.account_type_other","Prenos poluproizvoda iz proizvodnje u skladište",,
"953","l10n_bs_fbih_chart_template","kto_bs_fbih_953","l10n_bs.account_type_other","Prenos troškova realizovanih usluga",,
"957","l10n_bs_fbih_chart_template","kto_bs_fbih_957","l10n_bs.account_type_other","Troškovi utrošenih poluproizvoda",,
"958","l10n_bs_fbih_chart_template","kto_bs_fbih_958","l10n_bs.account_type_other","Poluproizvodi u skladištu",,
"959","l10n_bs_fbih_chart_template","kto_bs_fbih_959","l10n_bs.account_type_other","Odstupanja u troškovima nosilaca troškova",,
"96","l10n_bs_fbih_chart_template","kto_bs_fbih_96","l10n_bs.account_type_other","Gotovi proizvodi",,
"960","l10n_bs_fbih_chart_template","kto_bs_fbih_960","l10n_bs.account_type_other","Gotovi proizvodi",,
"961","l10n_bs_fbih_chart_template","kto_bs_fbih_961","l10n_bs.account_type_other","Gotovi proizvodi",,
"962","l10n_bs_fbih_chart_template","kto_bs_fbih_962","l10n_bs.account_type_other","Gotovi proizvodi",,
"963","l10n_bs_fbih_chart_template","kto_bs_fbih_963","l10n_bs.account_type_other","Gotovi proizvodi",,
"964","l10n_bs_fbih_chart_template","kto_bs_fbih_964","l10n_bs.account_type_other","Gotovi proizvodi",,
"965","l10n_bs_fbih_chart_template","kto_bs_fbih_965","l10n_bs.account_type_other","Gotovi proizvodi",,
"966","l10n_bs_fbih_chart_template","kto_bs_fbih_966","l10n_bs.account_type_other","Gotovi proizvodi",,
"967","l10n_bs_fbih_chart_template","kto_bs_fbih_967","l10n_bs.account_type_other","Gotovi proizvodi",,
"968","l10n_bs_fbih_chart_template","kto_bs_fbih_968","l10n_bs.account_type_other","Gotovi proizvodi",,
"969","l10n_bs_fbih_chart_template","kto_bs_fbih_969","l10n_bs.account_type_other","Odstupanja u troškovima gotovih proizvoda",,
"97","l10n_bs_fbih_chart_template","kto_bs_fbih_97","l10n_bs.account_type_other","Slobodna grupa",,
"98","l10n_bs_fbih_chart_template","kto_bs_fbih_98","l10n_bs.account_type_other","Rashodi i prihodi",,
"980","l10n_bs_fbih_chart_template","kto_bs_fbih_980","l10n_bs.account_type_other","Troškovi prodatih proizvoda i usluga",,
"981","l10n_bs_fbih_chart_template","kto_bs_fbih_981","l10n_bs.account_type_other","Nabavna vrijednost prodate robe",,
"982","l10n_bs_fbih_chart_template","kto_bs_fbih_982","l10n_bs.account_type_other","Troškovi perioda",,
"983","l10n_bs_fbih_chart_template","kto_bs_fbih_983","l10n_bs.account_type_other","Otpis, manjkovi i viškovi zaliha učinaka",,
"985","l10n_bs_fbih_chart_template","kto_bs_fbih_985","l10n_bs.account_type_other","Slobodni konto",,
"986","l10n_bs_fbih_chart_template","kto_bs_fbih_986","l10n_bs.account_type_other","Prihodi po osnovu prodaje proizvoda i usluga",,
"987","l10n_bs_fbih_chart_template","kto_bs_fbih_987","l10n_bs.account_type_other","Prihodi po osnovu prodaje robe",,
"988","l10n_bs_fbih_chart_template","kto_bs_fbih_988","l10n_bs.account_type_other","Slobodni konto",,
"989","l10n_bs_fbih_chart_template","kto_bs_fbih_989","l10n_bs.account_type_other","Drugi prihodi",,
"99","l10n_bs_fbih_chart_template","kto_bs_fbih_99","l10n_bs.account_type_other","Konta dobitka, gubitka i zaključka",,
"990","l10n_bs_fbih_chart_template","kto_bs_fbih_990","l10n_bs.account_type_other","Poslovni dobitak i gubitak",,
"991","l10n_bs_fbih_chart_template","kto_bs_fbih_991","l10n_bs.account_type_other","Dobitak i gubitak po osnovu prodaje materijala",,
"992","l10n_bs_fbih_chart_template","kto_bs_fbih_992","l10n_bs.account_type_other","Manjkovi materijala i robe",,
"993","l10n_bs_fbih_chart_template","kto_bs_fbih_993","l10n_bs.account_type_other","Otpis materijala i robe",,
"994","l10n_bs_fbih_chart_template","kto_bs_fbih_994","l10n_bs.account_type_other","Viškovi materijala i robe",,
"999","l10n_bs_fbih_chart_template","kto_bs_fbih_999","l10n_bs.account_type_other","Zaključak obračuna troškova i učinaka",,
